
-- insertar datos para la base de departamentos.
INSERT INTO departamentos (id, nombre_departamentos) VALUES (1, 'Recursos Humanos');
INSERT INTO departamentos (nombre_departamentos) VALUES ('Andalucía');
INSERT INTO departamentos (nombre_departamentos) VALUES ('Cataluña');
INSERT INTO departamentos (nombre_departamentos) VALUES ('Madrid');
INSERT INTO departamentos (nombre_departamentos) VALUES ('Galicia');
INSERT INTO departamentos (nombre_departamentos) VALUES ('Castilla y León');
INSERT INTO departamentos (nombre_departamentos) VALUES ('Castilla-La Mancha');
INSERT INTO departamentos (nombre_departamentos) VALUES ('Valencia');
INSERT INTO departamentos (nombre_departamentos) VALUES ('País Vasco');
INSERT INTO departamentos (nombre_departamentos) VALUES ('Canarias');
INSERT INTO departamentos (nombre_departamentos) VALUES ('Extremadura');
INSERT INTO departamentos (nombre_departamentos) VALUES ('Aragón');
INSERT INTO departamentos (nombre_departamentos) VALUES ('Murcia');
INSERT INTO departamentos (nombre_departamentos) VALUES ('Cantabria');
INSERT INTO departamentos (nombre_departamentos) VALUES ('Asturias');
INSERT INTO departamentos (nombre_departamentos) VALUES ('Baleares');
INSERT INTO departamentos (nombre_departamentos) VALUES ('La Rioja');
INSERT INTO departamentos (nombre_departamentos) VALUES ('Navarra');
INSERT INTO departamentos (nombre_departamentos) VALUES ('Países Bajos');
INSERT INTO departamentos (nombre_departamentos) VALUES ('Baviera');
INSERT INTO departamentos (nombre_departamentos) VALUES ('Berlín');
INSERT INTO departamentos (nombre_departamentos) VALUES ('Hamburgo');
INSERT INTO departamentos (nombre_departamentos) VALUES ('Hesse');
INSERT INTO departamentos (nombre_departamentos) VALUES ('Baden-Württemberg');
INSERT INTO departamentos (nombre_departamentos) VALUES ('Renania del Norte-Westfalia');
INSERT INTO departamentos (nombre_departamentos) VALUES ('Sajonia');
INSERT INTO departamentos (nombre_departamentos) VALUES ('Bruselas');
INSERT INTO departamentos (nombre_departamentos) VALUES ('Flandes');
INSERT INTO departamentos (nombre_departamentos) VALUES ('Valonia');
INSERT INTO departamentos (nombre_departamentos) VALUES ('Friburgo');
INSERT INTO departamentos (nombre_departamentos) VALUES ('Quebec');
INSERT INTO departamentos (nombre_departamentos) VALUES ('Ontario');
INSERT INTO departamentos (nombre_departamentos) VALUES ('Columbia Británica');
INSERT INTO departamentos (nombre_departamentos) VALUES ('Alberta');
INSERT INTO departamentos (nombre_departamentos) VALUES ('Manitoba');
INSERT INTO departamentos (nombre_departamentos) VALUES ('Saskatchewan');
INSERT INTO departamentos (nombre_departamentos) VALUES ('Nueva Escocia');
INSERT INTO departamentos (nombre_departamentos) VALUES ('Nuevo Brunswick');
INSERT INTO departamentos (nombre_departamentos) VALUES ('Territorios del Noroeste');
INSERT INTO departamentos (nombre_departamentos) VALUES ('Yukón');
INSERT INTO departamentos (nombre_departamentos) VALUES ('Tasmania');
INSERT INTO departamentos (nombre_departamentos) VALUES ('Queensland');
INSERT INTO departamentos (nombre_departamentos) VALUES ('Nueva Gales del Sur');
INSERT INTO departamentos (nombre_departamentos) VALUES ('Victoria');
INSERT INTO departamentos (nombre_departamentos) VALUES ('Australia Meridional');
INSERT INTO departamentos (nombre_departamentos) VALUES ('Australia Occidental');
INSERT INTO departamentos (nombre_departamentos) VALUES ('Capital Federal');
INSERT INTO departamentos (nombre_departamentos) VALUES ('Buenos Aires');
INSERT INTO departamentos (nombre_departamentos) VALUES ('Córdoba');
INSERT INTO departamentos (nombre_departamentos) VALUES ('Mendoza');
INSERT INTO departamentos (nombre_departamentos) VALUES ('Santa Fe');
INSERT INTO departamentos (nombre_departamentos) VALUES ('Tucumán');
INSERT INTO departamentos (nombre_departamentos) VALUES ('Chaco');
INSERT INTO departamentos (nombre_departamentos) VALUES ('Salta');
INSERT INTO departamentos (nombre_departamentos) VALUES ('San Juan');
INSERT INTO departamentos (nombre_departamentos) VALUES ('San Luis');
INSERT INTO departamentos (nombre_departamentos) VALUES ('Catamarca');
INSERT INTO departamentos (nombre_departamentos) VALUES ('Santiago del Estero');
INSERT INTO departamentos (nombre_departamentos) VALUES ('La Pampa');
INSERT INTO departamentos (nombre_departamentos) VALUES ('Corrientes');
INSERT INTO departamentos (nombre_departamentos) VALUES ('Misiones');
INSERT INTO departamentos (nombre_departamentos) VALUES ('Formosa');
INSERT INTO departamentos (nombre_departamentos) VALUES ('Jujuy');
INSERT INTO departamentos (nombre_departamentos) VALUES ('California');
INSERT INTO departamentos (nombre_departamentos) VALUES ('Texas');
INSERT INTO departamentos (nombre_departamentos) VALUES ('Florida');
INSERT INTO departamentos (nombre_departamentos) VALUES ('Nueva York');
INSERT INTO departamentos (nombre_departamentos) VALUES ('Illinois');
INSERT INTO departamentos (nombre_departamentos) VALUES ('Ontario');
INSERT INTO departamentos (nombre_departamentos) VALUES ('Córdoba');
INSERT INTO departamentos (nombre_departamentos) VALUES ('Santiago de Chile');
INSERT INTO departamentos (nombre_departamentos) VALUES ('Río de Janeiro');


-- datos de los parques.

INSERT INTO parque(id, nombre_parque, fecha_declaracion) VALUES
(1, 'Parque Nacional Natural Tayrona', '1964-04-24'),
(2, 'Parque Nacional Natural Los Nevados', '1973-10-30'),
(3, 'Parque Nacional Banff', '1885-11-25'),
(4, 'Parque Nacional Yellowstone', '1872-03-01'),
(5, 'Parque Nacional Kruger', '1898-03-26'),
(6, 'Parque Nacional de los Glaciares', '1932-05-11'),
(7, 'Parque Nacional del Yunque', '1906-10-19'),
(8, 'Parque Nacional Torres del Paine', '1959-05-13'),
(9, 'Parque Nacional Iguazú', '1934-10-24'),
(10, 'Parque Nacional Manuel Antonio', '1972-11-15'),
(11, 'Parque Nacional Banff', '1885-11-25'),
(12, 'Parque Nacional Amboseli', '1974-12-22'),
(13, 'Parque Nacional Serengeti', '1951-03-01'),
(14, 'Parque Nacional Corcovado', '1975-10-15'),
(15, 'Parque Nacional Everglades', '1947-12-06'),
(16, 'Parque Nacional de Arenal Volcano', '1991-10-03'),
(17, 'Parque Nacional de Yellowstone', '1872-03-01'),
(18, 'Parque Nacional Yosemite', '1890-10-01'),
(19, 'Parque Nacional de la Caldera de Taburiente', '1954-11-11'),
(20, 'Parque Nacional Kruger', '1898-03-26'),
(21, 'Parque Nacional Cajas', '1996-11-14'),
(22, 'Parque Nacional Gwaii Haanas', '1988-07-26'),
(23, 'Parque Nacional de los Picos de Europa', '1918-07-01'),
(24, 'Parque Nacional Yellowstone', '1872-03-01'),
(25, 'Parque Nacional de la Vanoise', '1963-03-06'),
(26, 'Parque Nacional Bwindi Impenetrable', '1991-04-13'),
(27, 'Parque Nacional Daintree', '1988-10-01'),
(28, 'Parque Nacional de las Islas Galápagos', '1959-09-01'),
(29, 'Parque Nacional Yosemite', '1890-10-01'),
(30, 'Parque Nacional Montañas de la Mesa', '1998-12-06'),
(31, 'Parque Nacional Gran Canyon', '1919-02-26'),
(32, 'Parque Nacional Tierra del Fuego', '1960-05-11'),
(33, 'Parque Nacional Chobe', '1967-05-01'),
(34, 'Parque Nacional de Yosemite', '1890-10-01'),
(35, 'Parque Nacional Namib-Naukluft', '1979-11-01'),
(36, 'Parque Nacional de Doñana', '1969-02-16'),
(37, 'Parque Nacional de la Montaña de la Sierra Nevada', '1988-01-01'),
(38, 'Parque Nacional de Sequoia', '1890-09-25'),
(39, 'Parque Nacional Kaziranga', '1905-01-01'),
(40, 'Parque Nacional Iguazú', '1934-10-24'),
(41, 'Parque Nacional Galápagos', '1959-09-01'),
(42, 'Parque Nacional de Arenal', '1991-10-03'),
(43, 'Parque Nacional de la Bahía de los Glaciares', '1980-12-01'),
(44, 'Parque Nacional Kinabalu', '1964-10-01'),
(45, 'Parque Nacional Kakadu', '1981-04-05'),
(46, 'Parque Nacional de la Isla de los Monjes', '1994-03-20'),
(47, 'Parque Nacional de Snowdonia', '1951-10-01'),
(48, 'Parque Nacional de las Islas de San Juan', '1966-03-01'),
(49, 'Parque Nacional Jotunheimen', '1980-08-01'),
(50, 'Parque Nacional de Yellowstone', '1872-03-01');





-- insertamos datos para entidades responsables de los parques.
INSERT INTO entidad_responsable (id, nombre_responsable) VALUES 
(1, 'Parques Nacionales Naturales de Colombia'),
(2, 'World Wildlife Fund (WWF)'),
(3, 'National Park Service (NPS) - USA'),
(4, 'The Nature Conservancy'),
(5, 'Environmental Defense Fund'),
(6, 'International Union for Conservation of Nature (IUCN)'),
(7, 'Wildlife Conservation Society (WCS)'),
(8, 'Wildlife Protection Society of India (WPSI)'),
(9, 'Conservation International'),
(10, 'National Trust for Nature Conservation - Nepal'),
(11, 'Australian National Parks and Wildlife Service'),
(12, 'Royal Society for the Protection of Birds (RSPB)'),
(13, 'Zoological Society of London (ZSL)'),
(14, 'CITES - Convention on International Trade in Endangered Species'),
(15, 'African Wildlife Foundation'),
(16, 'National Wildlife Federation (NWF)'),
(17, 'Greenpeace'),
(18, 'BirdLife International'),
(19, 'Nature Conservancy of Canada'),
(20, 'United Nations Environment Programme (UNEP)'),
(21, 'United Nations Educational, Scientific and Cultural Organization (UNESCO)'),
(22, 'Department of Environment and Natural Resources - Philippines'),
(23, 'Conservation Volunteers Australia'),
(24, 'Wildlife Trust of India'),
(25, 'Defenders of Wildlife'),
(26, 'European Wildlife and Natural Heritage Fund'),
(27, 'American Bird Conservancy'),
(28, 'Sierra Club'),
(29, 'Park Management Authority - Thailand'),
(30, 'Friends of Nature - China'),
(31, 'Royal Canadian Geographical Society'),
(32, 'Wildlife Conservation Society - Africa'),
(33, 'Nature Foundation - Caribbean Netherlands'),
(34, 'Federation of Nature and National Parks of France'),
(35, 'Kenya Wildlife Service'),
(36, 'Namibia Nature Foundation'),
(37, 'Botswana National Wildlife Trust'),
(38, 'Department of National Parks, Wildlife and Plant Conservation - Thailand'),
(39, 'WCS (Wildlife Conservation Society) Madagascar'),
(40, 'IUCN National Committee - Mexico'),
(41, 'Indian Council of Forestry Research and Education (ICFRE)'),
(42, 'Wildlife and Countryside Link - UK'),
(43, 'National Environmental Management Authority - Kenya'),
(44, 'Conservation Trust for the Virgin Islands'),
(45, 'South African National Parks (SANParks)'),
(46, 'Tanzania National Parks (TANAPA)'),
(47, 'Parque Nacional Galápagos - Ecuador'),
(48, 'Kilimanjaro National Park Authority - Tanzania'),
(49, 'Indonesia Ministry of Environment and Forestry'),
(50, 'Amazon Conservation Association');

-- datos de departamento parque.
INSERT INTO departamento_parque (departamento_id, parque_id) VALUES
(9, 1),
(28, 2),
(29, 2),
(30, 2),
(9, 3),
(4, 5),
(2, 6),
(8, 7),
(5, 8),
(6, 9),
(11, 10),
(12, 11),
(7, 12),
(13, 13),
(17, 14),
(18, 15),
(16, 16),
(5, 17),
(8, 18),
(14, 19),
(4, 20),
(7, 21),
(3, 22),
(10, 23),
(9, 24),
(12, 25),
(6, 26),
(5, 27),
(10, 28),
(9, 29),
(8, 30),
(7, 31),
(10, 32),
(9, 33),
(6, 34),
(5, 35),
(2, 36),
(4, 37),
(6, 38),
(8, 39),
(12, 40),
(3, 41),
(5, 42),
(7, 43),
(9, 44),
(5, 45),
(6, 46),
(10, 47),
(8, 48),
(5, 49),
(12, 50);

-- areas y sus extensiones 

INSERT INTO area (id, nombre_area, extension_area) VALUES
(1, 'Zona de Manglares', 1250.75),
(2, 'Sendero de los Páramos', 3420.25),
(3, 'Bosque de Pinos', 5800.20),
(4, 'Laguna Azul', 2300.50),
(5, 'Cascada de los Vientos', 980.40),
(6, 'Valle de los Volcanes', 4721.30),
(7, 'Área de Conservación de Fauna', 3145.60),
(8, 'Zona de Bosque Nublado', 1200.90),
(9, 'Sierra Nevada', 3800.40),
(10, 'Reserva Natural de Bosques', 5100.25),
(11, 'Zona de Refugio para Especies', 2400.80),
(12, 'Aldea de los Pescadores', 1500.55),
(13, 'Corredor Biológico', 2920.70),
(14, 'Área Protegida de Manglares', 1900.60),
(15, 'Zona de Ríos y Lagos', 2150.80),
(16, 'Sierra de los Andes', 6400.30),
(17, 'Campo de Flores Silvestres', 1900.10),
(18, 'Terreno de Observación de Aves', 810.45),
(19, 'Área de Protección Costera', 3250.65),
(20, 'Área del Lago Victoria', 4700.80),
(21, 'Refugio de Especies Endémicas', 2200.55),
(22, 'Zona de Altos Bosques', 5500.60),
(23, 'Parque de los Glaciares', 2750.45),
(24, 'Zona de Cultivo Silvestre', 1350.50),
(25, 'Área de Acantilados', 4000.75),
(26, 'Refugio Natural de Flora', 3300.90),
(27, 'Área Recreativa', 1800.30),
(28, 'Zona de Acantilados y Playas', 7000.10),
(29, 'Corredor de Fauna Silvestre', 4100.70),
(30, 'Parque de las Aves Migratorias', 1280.50),
(31, 'Zona de Especies Vulnerables', 3500.80),
(32, 'Reserva de Ecosistemas Marinos', 2900.60),
(33, 'Bosque de Coníferas', 4700.90),
(34, 'Pantano de los Cocodrilos', 2350.40),
(35, 'Zona de Desiertos y Dunas', 6200.20),
(36, 'Área de Observación Astronómica', 520.30),
(37, 'Bosque de Bambú', 2100.10),
(38, 'Zona de Senderos Altos', 1900.20),
(39, 'Parque de Bosques y Lagos', 5400.25),
(40, 'Sierra de Montañas Verdes', 3600.75),
(41, 'Área de Investigación Biológica', 3100.60),
(42, 'Zona de Santuarios de Vida Silvestre', 1500.90),
(43, 'Área de Protectoras de Bosques', 2900.30),
(44, 'Reserva Natural de Ecosistemas', 4700.20),
(45, 'Zona de Llanuras de Altura', 6400.75),
(46, 'Área Protegida de Ecosistemas Acuáticos', 2100.90),
(47, 'Área de Praderas Abiertas', 3000.50),
(48, 'Zona de Investigación Ecológica', 1900.20),
(49, 'Refugio Natural de Montañas', 4600.10),
(50, 'Bosque de Secuoyas', 5000.35);


-- datps ára areas en los parques
INSERT INTO areas_parques (parque_id, area_id) VALUES
(1, 1),   -- 'Parque Nacional Natural Tayrona' con 'Zona de Manglares'
(1, 16),  -- 'Parque Nacional Natural Tayrona' con 'Sierra de los Andes'
(1, 40),  -- 'Parque Nacional Natural Tayrona' con 'Sierra de Montañas Verdes'
(2, 2),   -- 'Parque Nacional Los Nevados' con 'Sendero de los Páramos'
(2, 9),   -- 'Parque Nacional Los Nevados' con 'Sierra Nevada'
(2, 15),  -- 'Parque Nacional Los Nevados' con 'Zona de Ríos y Lagos'
(3, 3),   -- 'Parque Nacional Banff' con 'Bosque de Pinos'
(3, 10),  -- 'Parque Nacional Banff' con 'Reserva Natural de Bosques'
(4, 5),   -- 'Parque Nacional Yellowstone' con 'Cascada de los Vientos'
(4, 7),   -- 'Parque Nacional Yellowstone' con 'Área de Conservación de Fauna'
(5, 8),   -- 'Parque Nacional Kruger' con 'Zona de Bosque Nublado'
(5, 11),  -- 'Parque Nacional Kruger' con 'Zona de Refugio para Especies'
(6, 12),  -- 'Parque Nacional de los Glaciares' con 'Aldea de los Pescadores'
(6, 23),  -- 'Parque Nacional de los Glaciares' con 'Parque de los Glaciares'
(7, 6),   -- 'Parque Nacional Iguazú' con 'Valle de los Volcanes'
(7, 17),  -- 'Parque Nacional Iguazú' con 'Campo de Flores Silvestres'
(8, 18),  -- 'Parque Nacional Manuel Antonio' con 'Terreno de Observación de Aves'
(8, 19),  -- 'Parque Nacional Manuel Antonio' con 'Área de Protección Costera'
(9, 20),  -- 'Parque Nacional Banff' con 'Área del Lago Victoria'
(9, 25),  -- 'Parque Nacional Banff' con 'Área de Acantilados'
(10, 13), -- 'Parque Nacional Amboseli' con 'Corredor Biológico'
(10, 24), -- 'Parque Nacional Amboseli' con 'Zona de Cultivo Silvestre'
(11, 28), -- 'Parque Nacional Serengeti' con 'Zona de Acantilados y Playas'
(11, 34), -- 'Parque Nacional Serengeti' con 'Pantano de los Cocodrilos'
(12, 36), -- 'Parque Nacional Corcovado' con 'Área de Observación Astronómica'
(12, 46), -- 'Parque Nacional Corcovado' con 'Área Protegida de Ecosistemas Acuáticos'
(13, 41), -- 'Parque Nacional Everglades' con 'Área de Investigación Biológica'
(13, 47), -- 'Parque Nacional Everglades' con 'Área de Praderas Abiertas'
(14, 30), -- 'Parque Nacional de Arenal Volcano' con 'Parque de las Aves Migratorias'
(14, 39), -- 'Parque Nacional de Arenal Volcano' con 'Parque de Bosques y Lagos'
(15, 32), -- 'Parque Nacional Yellowstone' con 'Reserva de Ecosistemas Marinos'
(15, 35), -- 'Parque Nacional Yellowstone' con 'Zona de Desiertos y Dunas'
(16, 45), -- 'Parque Nacional Yosemite' con 'Zona de Llanuras de Altura'
(16, 29), -- 'Parque Nacional Yosemite' con 'Corredor de Fauna Silvestre'
(17, 33), -- 'Parque Nacional de la Caldera de Taburiente' con 'Bosque de Coníferas'
(17, 44), -- 'Parque Nacional de la Caldera de Taburiente' con 'Reserva Natural de Ecosistemas'
(18, 22), -- 'Parque Nacional Kruger' con 'Zona de Altos Bosques'
(18, 37), -- 'Parque Nacional Kruger' con 'Bosque de Bambú'
(19, 31), -- 'Parque Nacional de Doñana' con 'Zona de Especies Vulnerables'
(19, 42), -- 'Parque Nacional de Doñana' con 'Zona de Santuarios de Vida Silvestre'
(20, 49), -- 'Parque Nacional Montañas de la Mesa' con 'Refugio Natural de Montañas'
(20, 50), -- 'Parque Nacional Montañas de la Mesa' con 'Bosque de Secuoyas'
(21, 48), -- 'Parque Nacional Gran Canyon' con 'Zona de Investigación Ecológica'
(21, 43); -- 'Parque Nacional Gran Canyon' con 'Área de Protectoras de Bosques'

-- datos de las especies  
INSERT INTO
    especies (id, type, nombre_especie, nombre_cientifico) 
VALUES
    -- Tipo Vegetal
    (1, 'vegetal', 'Rosa', 'Rosa spp.'),
    (2, 'vegetal', 'Rosa mosqueta', 'Rosa rubiginosa'),
    (3, 'vegetal', 'Pino de Monterrey', 'Pinus radiata'),
    (4, 'vegetal', 'Secuoya gigante', 'Sequoia sempervirens'),
    (5, 'vegetal', 'Roble', 'Quercus robur'),
    (6, 'vegetal', 'Castaño', 'Castanea sativa'),
    (7, 'vegetal', 'Madera de balsa', 'Ochroma pyramidale'),
    (8, 'vegetal', 'Álamo', 'Populus alba'),
    (9, 'vegetal', 'Abeto', 'Abies alba'),
    (10, 'vegetal', 'Ciprés', 'Cupressus sempervirens'),
    (11, 'vegetal', 'Sauce llorón', 'Salix babylonica'),
    (12, 'vegetal', 'Acer', 'Acer spp.'),
    (13, 'vegetal', 'Lima', 'Citrus aurantiifolia'),
    (14, 'vegetal', 'Cereza', 'Prunus avium'),
    (15, 'vegetal', 'Tomate', 'Solanum lycopersicum'),
    (16, 'vegetal', 'Zanahoria', 'Daucus carota'),
    (17, 'vegetal', 'Girasol', 'Helianthus annuus'),
    (18, 'vegetal', 'Calabaza', 'Cucurbita pepo'),
    (19, 'vegetal', 'Ginkgo', 'Ginkgo biloba'),
    (20, 'vegetal', 'Eucalipto', 'Eucalyptus globulus'),
    
    -- Tipo Animal
    (21, 'animal', 'Jaguar', 'Panthera onca'),
    (22, 'animal', 'Oso de anteojos', 'Tremarctos ornatus'),
    (23, 'animal', 'Lobo gris', 'Canis lupus'),
    (24, 'animal', 'León', 'Panthera leo'),
    (25, 'animal', 'Elefante africano', 'Loxodonta africana'),
    (26, 'animal', 'Elefante asiático', 'Elephas maximus'),
    (27, 'animal', 'Rinoceronte blanco', 'Ceratotherium simum'),
    (28, 'animal', 'Tigre', 'Panthera tigris'),
    (29, 'animal', 'Gorila', 'Gorilla gorilla'),
    (30, 'animal', 'Cebra', 'Equus zebra'),
    (31, 'animal', 'Canguro rojo', 'Macropus rufus'),
    (32, 'animal', 'Koala', 'Phascolarctos cinereus'),
    (33, 'animal', 'Pingüino emperador', 'Aptenodytes forsteri'),
    (34, 'animal', 'Albatros', 'Diomedea exulans'),
    (35, 'animal', 'Lemur', 'Lemur catta'),
    (36, 'animal', 'Suricata', 'Suricata suricatta'),
    (37, 'animal', 'Tortuga marina', 'Chelonia mydas'),
    (38, 'animal', 'Águila real', 'Aquila chrysaetos'),
    (39, 'animal', 'Búho', 'Bubo bubo'),
    (40, 'animal', 'Delfín común', 'Delphinus delphis'),

    -- Tipo Mineral
    (41, 'mineral', 'Oro', 'Au'),
    (42, 'mineral', 'Plata', 'Ag'),
    (43, 'mineral', 'Cobre', 'Cu'),
    (44, 'mineral', 'Hierro', 'Fe'),
    (45, 'mineral', 'Aluminio', 'Al'),
    (46, 'mineral', 'Diamante', 'C'),
    (47, 'mineral', 'Rubí', 'Al2O3'),
    (48, 'mineral', 'Zafiro', 'Al2O3'),
    (49, 'mineral', 'Emerald', 'Be3Al2(SiO3)6'),
    (50, 'mineral', 'Topacio', 'Al2SiO4(F,OH)2'),
    (51, 'mineral', 'Esmeralda', 'Be3Al2(SiO3)6'),
    (52, 'mineral', 'Ágata', 'SiO2'),
    (53, 'mineral', 'Cuarzo', 'SiO2'),
    (54, 'mineral', 'Amatista', 'SiO2'),
    (55, 'mineral', 'Jade', 'Nephrite'),
    (56, 'mineral', 'Hematita', 'Fe2O3'),
    (57, 'mineral', 'Granate', 'X3Y2(SiO4)3'),
    (58, 'mineral', 'Turquesa', 'CuAl6(PO4)4(OH)8·4H2O'),
    (59, 'mineral', 'Azufre', 'S8'),
    (60, 'mineral', 'Magnesita', 'MgCO3');

-- áreas y especies
INSERT INTO area_especies (area_id, especies_id, poblacion_especie) VALUES
-- Área 1: Zona de Manglares (Mangrove Zone)

(1, 25, 15000), -- Mangle rojo (red mangrove)
(1, 9, 45),     -- Manatí del Caribe (Caribbean manatee)
(1, 19, 120),   -- Delfín rosado (pink dolphin)
(1, 7, 250),    -- Tortuga carey (hawksbill turtle)

-- Área 2: Sendero de los Páramos (Paramo Trail)
(2, 35, 350),   -- Canguro rojo (red kangaroo)
(2, 23, 120),   -- Lobo gris (gray wolf)
(2, 13, 300),   -- León (lion)
(2, 10, 50),    -- Cebra (zebra)

-- Área 3: Bosque de Pinos (Pine Forest)
(3, 12, 500),   -- Giraffe (giraffe)
(3, 30, 1000),  -- Zafiro (sapphire)
(3, 21, 800),   -- Búho (owl)
(3, 18, 100),   -- Águila real (golden eagle)

-- Área 4: Laguna Azul (Blue Lagoon)
(4, 5, 600),    -- Aves migratorias (migratory birds)
(4, 3, 100),    -- Albatros (albatross)
(4, 16, 150),   -- Leopardo de las nieves (snow leopard)
(4, 29, 450),   -- Tortuga marina (sea turtle)

-- Área 5: Cascada de los Vientos (Waterfall of Winds)
(5, 2, 75),     -- Oso de anteojos (spectacled bear)
(5, 14, 40),    -- Tigre (tiger)
(5, 25, 600),   -- Loro (parrot)
(5, 31, 300),   -- Cangrejo (crab)

-- Área 6: Valle de los Volcanes (Volcano Valley)
(6, 34, 800),   -- Rinoceronte blanco (white rhinoceros)
(6, 8, 50),     -- Koala (koala)
(6, 24, 350),   -- Gorila (gorilla)
(6, 39, 200),   -- Pingüino emperador (emperor penguin)

-- Área 7: Área de Conservación de Fauna (Wildlife Conservation Area)
(7, 4, 450),    -- León (lion)
(7, 16, 900),   -- Leopardo (leopard)
(7, 7, 50),     -- Lobo gris (gray wolf)
(7, 2, 300),    -- Oso panda (giant panda)

-- Área 8: Zona de Bosque Nublado (Cloud Forest Zone)
(8, 28, 150),   -- Tigre (tiger)
(8, 10, 180),   -- Oso hormiguero (antbear)
(8, 21, 150),   -- Hiena (hyena)
(8, 27, 200),   -- Gato montés (wild cat)

-- Área 9: Sierra Nevada (Nevada Mountains)
(9, 22, 600),   -- Águila real (golden eagle)
(9, 11, 250),   -- Zorro (fox)
(9, 33, 1000),  -- Serpiente (snake)
(9, 6, 150),    -- Camello (camel)

-- Área 10: Reserva Natural de Bosques (Natural Forest Reserve)
(10, 3, 500),   -- Gorila (gorilla)
(10, 9, 650),   -- Delfín (dolphin)
(10, 20, 200),  -- Jirafa (giraffe)
(10, 12, 400);  -- Lobo gris (gray wolf)


-- datos para los proyectos 
INSERT INTO proyectos (name_proyecto, presupuesto_proyecto, fecha_inicio, fecha_fin) VALUES

('Análisis de los Ecosistemas en el Parque Nacional Galápagos', 12000000.00, '2021-04-01', '2022-04-01'),
('Monitoreo de la Biodiversidad en la Cuenca del Amazonas', 20000000.00, '2021-05-01', '2022-05-01'),
('Proyecto de Conservación de la Tortuga Marina en el Caribe Colombiano', 5000000.00, '2020-06-01', '2021-06-01'),
('Restauración de Bosques en la Región Andina', 8000000.00, '2021-07-01', '2022-07-01'),
('Estudio del Impacto del Cambio Climático en la Flora de los Alpes', 10000000.00, '2021-08-01', '2022-08-01'),
('Proyecto de Reforestación en la Selva del Congo', 15000000.00, '2021-09-01', '2022-09-01'),
('Investigación sobre Especies en Peligro de Extinción en la India', 13000000.00, '2021-10-01', '2022-10-01'),
('Monitoreo de la Calidad del Agua en el Río Amazonas', 14000000.00, '2021-11-01', '2022-11-01'),
('Proyecto de Protección de los Delfines en el Mar Rojo', 9000000.00, '2022-01-01', '2023-01-01'),
('Estudio de la Flora en las Islas Galápagos', 11000000.00, '2022-02-01', '2023-02-01'),
('Investigación sobre la Migración de las Aves en el Ártico', 8500000.00, '2022-03-01', '2023-03-01'),
('Protección de las Áreas Marinas en la Costa Oeste de Australia', 10000000.00, '2022-04-01', '2023-04-01'),
('Estudio de la Biodiversidad en el Bosque de Borneo', 16000000.00, '2022-05-01', '2023-05-01'),
('Monitoreo de la Vida Silvestre en el Parque Nacional Serengeti', 7500000.00, '2022-06-01', '2023-06-01'),
('Recuperación de Ecosistemas en las Islas Malvinas', 9000000.00, '2022-07-01', '2023-07-01'),
('Investigación de la Fauna Endémica en Madagascar', 9500000.00, '2022-08-01', '2023-08-01'),
('Conservación de los Parques Nacionales de la Patagonia', 12000000.00, '2022-09-01', '2023-09-01'),
('Restauración de Arrecifes de Coral en el Caribe', 7000000.00, '2022-10-01', '2023-10-01'),
('Estudio de los Ecosistemas Subterráneos en la Región de los Apalaches', 8000000.00, '2022-11-01', '2023-11-01'),
('Monitoreo del Cambio Climático en la Región Polar', 11000000.00, '2023-01-01', '2024-01-01'),
('Investigación sobre el Comportamiento de los Gorilas en África Central', 6000000.00, '2023-02-01', '2024-02-01'),
('Estudio del Impacto Ambiental en los Glaciares del Himalaya', 14000000.00, '2023-03-01', '2024-03-01'),
('Protección de los Bosques del Amazonas Brasileño', 20000000.00, '2023-04-01', '2024-04-01'),
('Investigación sobre la Flora de las Montañas Rocosas', 8500000.00, '2023-05-01', '2024-05-01'),
('Monitoreo de los Parques Nacionales de Costa Rica', 9500000.00, '2023-06-01', '2024-06-01'),
('Estudio de la Fauna Silvestre en el Desierto de Atacama', 7500000.00, '2023-07-01', '2024-07-01'),
('Recuperación de Especies en la Región de los Andes', 10500000.00, '2023-08-01', '2024-08-01'),
('Investigación sobre las Plantas Medicinales en el Amazonas', 5000000.00, '2023-09-01', '2024-09-01'),
('Protección de los Parques Nacionales de la India', 11000000.00, '2023-10-01', '2024-10-01'),
('Estudio de la Flora en la Sabana Africana', 12000000.00, '2023-11-01', '2024-11-01'),
('Monitoreo de las Aves Migratorias en Sudamérica', 8500000.00, '2024-01-01', '2025-01-01'),
('Investigación sobre la Biodiversidad en la Región de los Himalayas', 11500000.00, '2024-02-01', '2025-02-01'),
('Recuperación de Ecosistemas en la Patagonia Argentina', 13000000.00, '2024-03-01', '2025-03-01'),
('Protección de la Fauna en el Parque Nacional de Banff', 9000000.00, '2024-04-01', '2025-04-01'),
('Monitoreo de la Flora en la Cuenca del Congo', 15000000.00, '2024-05-01', '2025-05-01'),
('Investigación sobre los Corales del Mar Caribe', 9500000.00, '2024-06-01', '2025-06-01'),
('Estudio de la Flora en la Región del Amazonas Peruano', 14000000.00, '2024-07-01', '2025-07-01'),
('Conservación de las Áreas Protegidas en Ecuador', 10500000.00, '2024-08-01', '2025-08-01'),
('Monitoreo de la Biodiversidad en las Islas Galápagos', 12000000.00, '2024-09-01', '2025-09-01'),
('Estudio de los Hábitats de Especies Endémicas en Australia', 7000000.00, '2024-10-01', '2025-10-01'),
('Investigación sobre la Conservación de Especies en Peligro de Extinción en el Amazonas', 13000000.00, '2024-11-01', '2025-11-01'),
('Protección de los Ecosistemas de la Selva Negra', 11000000.00, '2025-01-01', '2026-01-01'),
('Estudio de la Flora en el Parque Nacional de Yellowstone', 9500000.00, '2025-02-01', '2026-02-01'),
('Monitoreo de los Hábitats de las Ballenas en el Pacífico', 8000000.00, '2025-03-01', '2026-03-01'),
('Investigación sobre la Fauna en la Isla de Madagascar', 10000000.00, '2025-04-01', '2026-04-01'),
('Estudio del Efecto del Cambio Climático en la Fauna Polar', 13000000.00, '2025-05-01', '2026-05-01');


-- datos de los trabajadores 

INSERT INTO empleados (cedula_empleado, nombre_empleado, direccion_empleado, num_fijo, num_celular, salario, puesto_trabajo) VALUES 
(1000000001, 'Juan Pérez', 'Bogotá, Calle 1', 6351511, 3100000001, 2500000.00, 'Gestión'),
(1000000002, 'María Gómez', 'Bogotá, Calle 2', 3100000002, 2510000.00, 2600000.00, 'Gestión'),
(1000000003, 'Carlos Rodríguez', 'Medellín, Calle 3', 6351513, 3100000003, 2400000.00, 'Vigilancia'),
(1000000004, 'Ana Sánchez', 'Cali, Calle 4', 6351514, 3100000004, 2200000.00, 'Vigilancia'),
(1000000005, 'Luis Martínez', 'Barranquilla, Calle 5', 6351515, 3100000005, 2300000.00, 'Conservación'),
(1000000006, 'Patricia López', 'Cartagena, Calle 6', 6351516, 3100000006, 2500000.00, 'Conservación'),
(1000000007, 'José Fernández', 'Bucaramanga, Calle 7', 6351517, 3100000007, 2700000.00, 'Investigador'),
(1000000008, 'Laura García', 'Pereira, Calle 8', 6351518, 3100000008, 2800000.00, 'Investigador'),
(1000000009, 'Ricardo Ramírez', 'Santa Marta, Calle 9', 6351519, 3100000009, 2400000.00, 'Gestión'),
(1000000010, 'Marta Díaz', 'Medellín, Calle 10', 6351520, 3100000010, 2300000.00, 'Gestión'),
(1000000011, 'Juliana Gómez', 'Cali, Calle 11', 6351521, 3100000011, 2100000.00, 'Vigilancia'),
(1000000012, 'Carlos Sánchez', 'Bogotá, Calle 12', 6351522, 3100000012, 2200000.00, 'Vigilancia'),
(1000000013, 'Sandra Ruiz', 'Cartagena, Calle 13', 6351523, 3100000013, 2400000.00, 'Conservación'),
(1000000014, 'Jorge Pérez', 'Bucaramanga, Calle 14', 6351524, 3100000014, 2600000.00, 'Conservación'),
(1000000015, 'Mariana Rodríguez', 'Barranquilla, Calle 15', 6351525, 3100000015, 2700000.00, 'Investigador'),
(1000000016, 'Pedro Jiménez', 'Pereira, Calle 16', 6351526, 3100000016, 2800000.00, 'Investigador'),
(1000000017, 'Fernando López', 'Santa Marta, Calle 17', 6351527, 3100000017, 2200000.00, 'Gestión'),
(1000000018, 'Sofía Morales', 'Medellín, Calle 18', 6351528, 3100000018, 2100000.00, 'Gestión'),
(1000000019, 'Roberto Torres', 'Cali, Calle 19', 6351529, 3100000019, 2000000.00, 'Vigilancia'),
(1000000020, 'Inés González', 'Barranquilla, Calle 20', 6351530, 3100000020, 2100000.00, 'Vigilancia'),
(1000000021, 'Alberto Herrera', 'Cartagena, Calle 21', 6351531, 3100000021, 2300000.00, 'Conservación'),
(1000000022, 'Andrea Martínez', 'Bucaramanga, Calle 22', 6351532, 3100000022, 2500000.00, 'Conservación'),
(1000000023, 'Luis Gómez', 'Pereira, Calle 23', 6351533, 3100000023, 2600000.00, 'Investigador'),
(1000000024, 'Santiago Fernández', 'Santa Marta, Calle 24', 6351534, 3100000024, 2700000.00, 'Investigador'),
(1000000025, 'Javier Pérez', 'Medellín, Calle 25', 6351535, 3100000025, 2400000.00, 'Gestión'),
(1000000026, 'Lucía Sánchez', 'Cali, Calle 26', 6351536, 3100000026, 2300000.00, 'Gestión'),
(1000000027, 'Felipe Rodríguez', 'Barranquilla, Calle 27', 6351537, 3100000027, 2200000.00, 'Vigilancia'),
(1000000028, 'Raquel López', 'Cartagena, Calle 28', 6351538, 3100000028, 2400000.00, 'Vigilancia'),
(1000000029, 'Carlos Martínez', 'Bucaramanga, Calle 29', 6351539, 3100000029, 2500000.00, 'Conservación'),
(1000000030, 'Marcela Díaz', 'Pereira, Calle 30', 6351540, 3100000030, 2700000.00, 'Conservación'),
(1000000031, 'José García', 'Santa Marta, Calle 31', 6351541, 3100000031, 2800000.00, 'Investigador'),
(1000000032, 'Esteban Sánchez', 'Medellín, Calle 32', 6351542, 3100000032, 2300000.00, 'Investigador'),
(1000000033, 'Patricia Torres', 'Cali, Calle 33', 6351543, 3100000033, 2400000.00, 'Gestión'),
(1000000034, 'Juliana López', 'Barranquilla, Calle 34', 6351544, 3100000034, 2200000.00, 'Gestión'),
(1000000035, 'Ricardo González', 'Cartagena, Calle 35', 6351545, 3100000035, 2300000.00, 'Vigilancia'),
(1000000036, 'Carlos Ramírez', 'Bucaramanga, Calle 36', 6351546, 3100000036, 2400000.00, 'Vigilancia'),
(1000000037, 'Gabriela López', 'Pereira, Calle 37', 6351547, 3100000037, 2500000.00, 'Conservación'),
(1000000038, 'Luis Pérez', 'Santa Marta, Calle 38', 6351548, 3100000038, 2600000.00, 'Conservación'),
(1000000039, 'Marta Jiménez', 'Medellín, Calle 39', 6351549, 3100000039, 2700000.00, 'Investigador'),
(1000000040, 'José Fernández', 'Cali, Calle 40', 6351550, 3100000040, 2800000.00, 'Investigador'),
(1000000041, 'Mariana Martínez', 'Barranquilla, Calle 41', 6351551, 3100000041, 2200000.00, 'Gestión'),
(1000000042, 'Carlos González', 'Cartagena, Calle 42', 6351552, 3100000042, 2300000.00, 'Gestión'),
(1000000043, 'Verónica Ramírez', 'Bucaramanga, Calle 43', 6351553, 3100000043, 2400000.00, 'Vigilancia'),
(1000000044, 'Pedro Sánchez', 'Pereira, Calle 44', 6351554, 3100000044, 2500000.00, 'Vigilancia'),
(1000000045, 'Sofía Ramírez', 'Santa Marta, Calle 45', 6351555, 3100000045, 2600000.00, 'Conservación'),
(1000000046, 'Luis Rodríguez', 'Medellín, Calle 46', 6351556, 3100000046, 2700000.00, 'Conservación'),


-- datos para los vehiculos  

INSERT INTO vehiculo (tipo_vehiculo, marca_vehiculo) VALUES 
('Camioneta', 'Toyota'),
('Moto', 'Yamaha'),
('Bote', 'Suzuki'),
('Camioneta', 'Ford'),
('Moto', 'Honda'),
('Bote', 'Mercury'),
('Camioneta', 'Chevrolet'),
('Moto', 'Kawasaki'),
('Bote', 'Evinrude'),
('Camioneta', 'Nissan'),
('Moto', 'Ducati'),
('Bote', 'Honda'),
('Camioneta', 'Jeep'),
('Moto', 'Harley-Davidson'),
('Bote', 'Yamaha'),
('Camioneta', 'Mitsubishi'),
('Moto', 'BMW'),
('Bote', 'Sea-Doo'),
('Camioneta', 'GMC'),
('Moto', 'Suzuki'),
('Bote', 'Lund'),
('Camioneta', 'Ram'),
('Moto', 'Aprilia'),
('Bote', 'Glastron'),
('Camioneta', 'Mercedes-Benz'),
('Moto', 'Triumph'),
('Bote', 'MasterCraft'),
('Camioneta', 'Volkswagen'),
('Moto', 'Moto Guzzi'),
('Bote', 'Chaparral'),
('Camioneta', 'Subaru'),
('Moto', 'Indian Motorcycle'),
('Bote', 'Cobalt'),
('Camioneta', 'Hyundai'),
('Moto', 'Royal Enfield'),
('Bote', 'Bayliner'),
('Camioneta', 'Honda'),
('Moto', 'Benelli'),
('Bote', 'Tracker'),
('Camioneta', 'Mazda'),
('Moto', 'Buell'),
('Bote', 'Crestliner'),
('Camioneta', 'Land Rover'),
('Moto', 'KTM'),
('Bote', 'Sun Tracker'),
('Camioneta', 'BMW'),
('Moto', 'Vespa'),
('Bote', 'Ranger'),
('Camioneta', 'Audi'),
('Moto', 'Harley-Davidson'),
('Bote', 'Xpress'),
('Camioneta', 'Porsche'),
('Moto', 'Guzzi'),
('Bote', 'Godfrey');


-- datos de los usuarios del parque 
INSERT INTO usuarios (cedula_user, nombre_user, direccion_user, profesion_user) VALUES
(2000000001, 'Santiago Gómez', 'Bogotá, Calle 1', 'Profesor'),
(2000000002, 'Valentina Rodríguez', 'Bogotá, Calle 2', 'Ingeniero'),
(2000000003, 'Carlos Pérez', 'Bogotá, Calle 3', 'Arquitecto'),
(2000000004, 'Ana López', 'Bogotá, Calle 4', 'Doctora'),
(2000000005, 'Luis Martínez', 'Medellín, Calle 5', 'Abogado'),
(2000000006, 'Laura Díaz', 'Medellín, Calle 6', 'Contadora'),
(2000000007, 'Carlos Sánchez', 'Cali, Calle 7', 'Psicólogo'),
(2000000008, 'María Fernández', 'Cali, Calle 8', 'Enfermera'),
(2000000009, 'José Ramírez', 'Barranquilla, Calle 9', 'Abogado'),
(2000000010, 'Juan Pérez', 'Barranquilla, Calle 10', 'Ingeniero Civil'),
(2000000011, 'Paula Torres', 'Cartagena, Calle 11', 'Maestra'),
(2000000012, 'David González', 'Cartagena, Calle 12', 'Electricista'),
(2000000013, 'Juliana Martínez', 'Pereira, Calle 13', 'Estilista'),
(2000000014, 'Fernando García', 'Pereira, Calle 14', 'Médico'),
(2000000015, 'Andrea Sánchez', 'Bucaramanga, Calle 15', 'Psicóloga'),
(2000000016, 'Oscar Gómez', 'Bucaramanga, Calle 16', 'Chef'),
(2000000017, 'Martín Castro', 'Santa Marta, Calle 17', 'Cocinero'),
(2000000018, 'Carolina Ríos', 'Santa Marta, Calle 18', 'Ingeniera Industrial'),
(2000000019, 'Diego López', 'Neiva, Calle 19', 'Abogado'),
(2000000020, 'Liliana Jiménez', 'Neiva, Calle 20', 'Farmacéutica'),
(2000000021, 'Ricardo Díaz', 'Manizales, Calle 21', 'Profesor de Matemáticas'),
(2000000022, 'Isabel Moreno', 'Manizales, Calle 22', 'Periodista'),
(2000000023, 'Antonio Hernández', 'Tunja, Calle 23', 'Veterinario'),
(2000000024, 'Sara Rodríguez', 'Tunja, Calle 24', 'Dentista'),
(2000000025, 'Gabriel Pérez', 'Cúcuta, Calle 25', 'Ingeniero Agrónomo'),
(2000000026, 'Lina García', 'Cúcuta, Calle 26', 'Diseñadora Gráfica'),
(2000000027, 'Mario Sánchez', 'Ibagué, Calle 27', 'Abogado'),
(2000000028, 'Lucía Torres', 'Ibagué, Calle 28', 'Doctora en Biología'),
(2000000029, 'Esteban Ortega', 'Pasto, Calle 29', 'Chef Pastelero'),
(2000000030, 'Carmen Álvarez', 'Pasto, Calle 30', 'Economista'),
(2000000031, 'Alberto Martínez', 'Villavicencio, Calle 31', 'Ingeniero Eléctrico'),
(2000000032, 'Margarita López', 'Villavicencio, Calle 32', 'Arquitecta'),
(2000000033, 'Ricardo Rodríguez', 'Quibdó, Calle 33', 'Contador Público'),
(2000000034, 'Juliana Ramírez', 'Quibdó, Calle 34', 'Terapista'),
(2000000035, 'Felipe Díaz', 'Pereira, Calle 35', 'Abogado Penalista'),
(2000000036, 'Valeria Castro', 'Pereira, Calle 36', 'Profesor de Literatura'),
(2000000037, 'Javier Gómez', 'Pasto, Calle 37', 'Chef'),
(2000000038, 'Esteban Ramos', 'Ibagué, Calle 38', 'Médico Cirujano'),
(2000000039, 'Carolina Martínez', 'Cali, Calle 39', 'Ingeniera de Sistemas'),
(2000000040, 'Mauricio Herrera', 'Cali, Calle 40', 'Chef de Cocina'),
(2000000041, 'Sofía González', 'Medellín, Calle 41', 'Psicóloga Infantil'),
(2000000042, 'Antonio Ramírez', 'Medellín, Calle 42', 'Abogado Corporativo'),
(2000000043, 'Gustavo Pérez', 'Bogotá, Calle 43', 'Ingeniero Mecánico'),
(2000000044, 'Ángela López', 'Bogotá, Calle 44', 'Maestra de Primaria'),
(2000000045, 'Carlos Hernández', 'Bucaramanga, Calle 45', 'Gerente'),
(2000000046, 'Laura Fernández', 'Bucaramanga, Calle 46', 'Dentista'),
(2000000047, 'María Luisa Ramírez', 'Cartagena, Calle 47', 'Psicóloga'),
(2000000048, 'José Carlos Gómez', 'Barranquilla, Calle 48', 'Economista'),
(2000000049, 'Luz María García', 'Neiva, Calle 49', 'Nutricionista'),
(2000000050, 'Tomás Ríos', 'Santa Marta, Calle 50', 'Ingeniero de Telecomunicaciones'),
(2000000051, 'Evelyn Díaz', 'Cúcuta, Calle 51', 'Contadora'),
(2000000052, 'Víctor López', 'Cúcuta, Calle 52', 'Abogado de Familia'),
(2000000053, 'Ricardo Pérez', 'Manizales, Calle 53', 'Fisioterapeuta'),
(2000000054, 'Susana Martínez', 'Manizales, Calle 54', 'Abogada Corporativa'),
(2000000055, 'Miguel Rodríguez', 'Tunja, Calle 55', 'Médico Veterinario'),
(2000000056, 'Isabela Sánchez', 'Tunja, Calle 56', 'Nutricionista'),
(2000000057, 'Oscar López', 'Ibagué, Calle 57', 'Ingeniero Civil'),
(2000000058, 'Verónica Gómez', 'Ibagué, Calle 58', 'Maestra de Secundaria'),
(2000000059, 'Jorge Hernández', 'Pereira, Calle 59', 'Chef Pastelero'),
(2000000060, 'Esteban Rodríguez', 'Pereira, Calle 60', 'Psicoterapeuta');


-- habitaciones del hostal 

INSERT INTO hostal_parque (parque_id, nombre_hostal, capacidad, categoria) VALUES
(1, 'Cabaña 1', 2, 'Rústica'),
(1, 'Cabaña 2', 4, 'Rústica'),
(2, 'Hostal Los Nevados', 20, 'Ecológica'),
(2, 'Cabaña Nevados', 6, 'Ecológica'),
(3, 'Hostal Banff', 15, 'Premium'),
(3, 'Cabaña Banff', 8, 'Rústica'),
(4, 'Cabaña Yellowstone', 3, 'Ecológica'),
(4, 'Hostal Yellowstone', 10, 'Luxury'),
(5, 'Cabaña Kruger', 4, 'Ecológica'),
(5, 'Hostal Kruger', 12, 'Rústica'),
(6, 'Cabaña Los Glaciares', 5, 'Luxury'),
(6, 'Hostal Glaciares', 18, 'Ecológica'),
(7, 'Cabaña Iguazú', 3, 'Rústica'),
(7, 'Hostal Iguazú', 10, 'Ecológica'),
(8, 'Cabaña Manuel Antonio', 4, 'Premium'),
(8, 'Hostal Antonio', 12, 'Rústica'),
(9, 'Cabaña Amboseli', 5, 'Luxury'),
(9, 'Hostal Amboseli', 20, 'Ecológica'),
(10, 'Cabaña Serengeti', 6, 'Ecológica'),
(10, 'Hostal Serengeti', 15, 'Luxury'),
(11, 'Cabaña Corcovado', 4, 'Rústica'),
(11, 'Hostal Corcovado', 10, 'Ecológica'),
(12, 'Cabaña Everglades', 3, 'Ecológica'),
(12, 'Hostal Everglades', 15, 'Premium'),
(13, 'Cabaña Arenal Volcano', 5, 'Luxury'),
(13, 'Hostal Arenal', 20, 'Ecológica'),
(14, 'Cabaña Yellowstone 2', 3, 'Rústica'),
(14, 'Hostal Yellowstone 2', 12, 'Luxury'),
(15, 'Cabaña Yosemite', 4, 'Premium'),
(15, 'Hostal Yosemite', 18, 'Ecológica'),
(16, 'Cabaña Taburiente', 5, 'Ecológica'),
(16, 'Hostal Taburiente', 12, 'Rústica'),
(17, 'Cabaña Kruger 2', 3, 'Luxury'),
(17, 'Hostal Kruger 2', 15, 'Ecológica'),
(18, 'Cabaña Montañas de la Mesa', 6, 'Rústica'),
(18, 'Hostal Montañas de la Mesa', 10, 'Luxury'),
(19, 'Cabaña Doñana', 4, 'Ecológica'),
(19, 'Hostal Doñana', 15, 'Rústica'),
(20, 'Cabaña Cajas', 5, 'Premium'),
(20, 'Hostal Cajas', 18, 'Ecológica'),
(21, 'Cabaña Gwaii Haanas', 3, 'Luxury'),
(21, 'Hostal Gwaii Haanas', 12, 'Rústica'),
(22, 'Cabaña Picos de Europa', 4, 'Ecológica'),
(22, 'Hostal Picos de Europa', 10, 'Premium'),
(23, 'Cabaña Chobe', 5, 'Luxury'),
(23, 'Hostal Chobe', 20, 'Rústica'),
(24, 'Cabaña Bwindi Impenetrable', 6, 'Ecológica'),
(24, 'Hostal Bwindi Impenetrable', 12, 'Luxury'),
(25, 'Cabaña Galápagos', 3, 'Rústica'),
(25, 'Hostal Galápagos', 10, 'Ecológica'),
(26, 'Cabaña Sequoia', 5, 'Luxury'),
(26, 'Hostal Sequoia', 18, 'Rústica'),
(27, 'Cabaña Yosemite 2', 4, 'Ecológica'),
(27, 'Hostal Yosemite 2', 15, 'Luxury'),
(28, 'Cabaña Montañas Verdes', 3, 'Premium'),
(28, 'Hostal Montañas Verdes', 12, 'Rústica'),
(29, 'Cabaña Snowdonia', 6, 'Ecológica'),
(29, 'Hostal Snowdonia', 18, 'Rústica'),
(30, 'Cabaña San Juan', 5, 'Luxury'),
(30, 'Hostal San Juan', 15, 'Ecológica'),
(31, 'Cabaña Jotunheimen', 4, 'Rústica'),
(31, 'Hostal Jotunheimen', 10, 'Premium'),
(32, 'Cabaña Tierra del Fuego', 6, 'Luxury'),
(32, 'Hostal Tierra del Fuego', 20, 'Ecológica'),
(33, 'Cabaña Galápagos 2', 3, 'Rústica'),
(33, 'Hostal Galápagos 2', 12, 'Ecológica'),
(34, 'Cabaña Kakadu', 4, 'Ecológica'),
(34, 'Hostal Kakadu', 15, 'Luxury'),
(35, 'Cabaña Isla de los Monjes', 5, 'Premium'),
(35, 'Hostal Isla de los Monjes', 10, 'Rústica'),
(36, 'Cabaña Snowdonia 2', 4, 'Luxury'),
(36, 'Hostal Snowdonia 2', 15, 'Ecológica'),
(37, 'Cabaña San Juan', 3, 'Ecológica'),
(37, 'Hostal San Juan', 12, 'Premium'),
(38, 'Cabaña Yellowstone 3', 5, 'Luxury'),
(38, 'Hostal Yellowstone 3', 18, 'Rústica'),
(39, 'Cabaña Tierra del Fuego 2', 6, 'Ecológica'),
(39, 'Hostal Tierra del Fuego 2', 12, 'Luxury'),
(40, 'Cabaña Arenal', 4, 'Rústica'),
(40, 'Hostal Arenal', 10, 'Ecológica'),
(41, 'Cabaña Yellowstone 4', 3, 'Premium'),
(41, 'Hostal Yellowstone 4', 12, 'Luxury'),
(42, 'Cabaña Iguazú 2', 4, 'Rústica'),
(42, 'Hostal Iguazú 2', 15, 'Ecológica'),
(43, 'Cabaña Kruger 3', 5, 'Luxury'),
(43, 'Hostal Kruger 3', 18, 'Rústica'),
(44, 'Cabaña Serengeti 2', 6, 'Ecológica'),
(44, 'Hostal Serengeti 2', 10, 'Luxury'),
(45, 'Cabaña Banff 2', 4, 'Luxury'),
(45, 'Hostal Banff 2', 18, 'Rústica'),
(46, 'Cabaña Amboseli 2', 3, 'Ecológica'),
(46, 'Hostal Amboseli 2', 12, 'Luxury'),
(47, 'Cabaña Corcovado 2', 5, 'Rústica'),
(47, 'Hostal Corcovado 2', 15, 'Ecológica'),
(48, 'Cabaña Arenal Volcano 2', 4, 'Premium'),
(48, 'Hostal Arenal Volcano 2', 10, 'Luxury'),
(49, 'Cabaña Gwaii Haanas 2', 5, 'Ecológica'),
(49, 'Hostal Gwaii Haanas 2', 15, 'Luxury'),
(50, 'Cabaña Yellowstone 5', 3, 'Rústica'),
(50, 'Hostal Yellowstone 5', 12, 'Ecológica');

-- datos de las entradas 
INSERT INTO entrada (parque_id, numero_entrada) VALUES
(1, 1),
(1, 2),
(1, 3),
(2, 1),
(2, 2),
(2, 3),
(3, 1),
(3, 2),
(3, 3),
(4, 1),
(4, 2),
(4, 3),
(5, 1),
(5, 2),
(5, 3),
(6, 1),
(6, 2),
(6, 3),
(7, 1),
(7, 2),
(7, 3),
(8, 1),
(8, 2),
(8, 3),
(9, 1),
(9, 2),
(9, 3),
(10, 1),
(10, 2),
(10, 3),
(11, 1),
(11, 2),
(11, 3),
(12, 1),
(12, 2),
(12, 3),
(13, 1),
(13, 2),
(13, 3),
(14, 1),
(14, 2),
(14, 3),
(15, 1),
(15, 2),
(15, 3),
(16, 1),
(16, 2),
(16, 3),
(17, 1),
(17, 2),
(17, 3),
(18, 1),
(18, 2),
(18, 3),
(19, 1),
(19, 2),
(19, 3);

-- datos vigilantes 

INSERT INTO puesto_vigilancia (empleado_id) VALUES 
(1000000003),
(1000000004),
(1000000011),
(1000000012),
(1000000019),
(1000000020),
(1000000027),
(1000000028),
(1000000035),
(1000000036),
(1000000043),
(1000000044);
 
 -- datos gestion 
 INSERT INTO puesto_gestion (empleado_id) VALUES 
(1000000001),
(1000000002),
(1000000009),
(1000000010),
(1000000017),
(1000000018),
(1000000025),
(1000000026),
(1000000033),
(1000000034),
(1000000041),
(1000000042);


-- datos conservacion ASEO
INSERT INTO puesto_conservacion_parque (empleado_id) VALUES 
(1000000005),
(1000000006),
(1000000013),
(1000000014),
(1000000021),
(1000000022),
(1000000029),
(1000000030),
(1000000037),
(1000000038),
(1000000045),
(1000000046);

-- datos investigador 
INSERT INTO puesto_investigador (empleado_id) VALUES 
(1000000007),
(1000000008),
(1000000015),
(1000000016),
(1000000023),
(1000000024),
(1000000031),
(1000000032),
(1000000039),
(1000000040);

--datps para los proyectos 
INSERT INTO proyecto_investigador(proyecto_id, investigador_id) VALUES 
(1, 151),  -- Proyecto 1 asignado a José Fernández (ID 151)
(2, 152),  -- Proyecto 2 asignado a Laura García (ID 152)
(3, 153),  -- Proyecto 3 asignado a Ricardo Ramírez (ID 153)
(4, 151),  -- Proyecto 4 asignado a José Fernández (ID 151)
(5, 152),  -- Proyecto 5 asignado a Laura García (ID 152)
(6, 153),  -- Proyecto 6 asignado a Ricardo Ramírez (ID 153)
(7, 151),  -- Proyecto 7 asignado a José Fernández (ID 151)
(8, 152),  -- Proyecto 8 asignado a Laura García (ID 152)
(9, 153),  -- Proyecto 9 asignado a Ricardo Ramírez (ID 153)
(10, 151), -- Proyecto 10 asignado a José Fernández (ID 151)
(11, 152), -- Proyecto 11 asignado a Laura García (ID 152)
(12, 153), -- Proyecto 12 asignado a Ricardo Ramírez (ID 153)
(13, 151), -- Proyecto 13 asignado a José Fernández (ID 151)
(14, 152), -- Proyecto 14 asignado a Laura García (ID 152)
(15, 153), -- Proyecto 15 asignado a Ricardo Ramírez (ID 153)
(16, 151), -- Proyecto 16 asignado a José Fernández (ID 151)
(17, 152), -- Proyecto 17 asignado a Laura García (ID 152)
(18, 153), -- Proyecto 18 asignado a Ricardo Ramírez (ID 153)
(19, 151), -- Proyecto 19 asignado a José Fernández (ID 151)
(20, 152), -- Proyecto 20 asignado a Laura García (ID 152)
(21, 153), -- Proyecto 21 asignado a Ricardo Ramírez (ID 153)
(22, 151), -- Proyecto 22 asignado a José Fernández (ID 151)
(23, 152), -- Proyecto 23 asignado a Laura García (ID 152)
(24, 153), -- Proyecto 24 asignado a Ricardo Ramírez (ID 153)
(25, 151), -- Proyecto 25 asignado a José Fernández (ID 151)
(26, 152), -- Proyecto 26 asignado a Laura García (ID 152)
(27, 153), -- Proyecto 27 asignado a Ricardo Ramírez (ID 153)
(28, 151), -- Proyecto 28 asignado a José Fernández (ID 151)
(29, 152), -- Proyecto 29 asignado a Laura García (ID 152)
(30, 153), -- Proyecto 30 asignado a Ricardo Ramírez (ID 153)
(31, 151), -- Proyecto 31 asignado a José Fernández (ID 151)
(32, 152), -- Proyecto 32 asignado a Laura García (ID 152)
(33, 153), -- Proyecto 33 asignado a Ricardo Ramírez (ID 153)
(34, 151), -- Proyecto 34 asignado a José Fernández (ID 151)
(35, 152), -- Proyecto 35 asignado a Laura García (ID 152)
(36, 153), -- Proyecto 36 asignado a Ricardo Ramírez (ID 153)
(37, 151), -- Proyecto 37 asignado a José Fernández (ID 151)
(38, 152), -- Proyecto 38 asignado a Laura García (ID 152)
(39, 153), -- Proyecto 39 asignado a Ricardo Ramírez (ID 153)
(40, 151), -- Proyecto 40 asignado a José Fernández (ID 151)
(41, 152), -- Proyecto 41 asignado a Laura García (ID 152)
(42, 153), -- Proyecto 42 asignado a Ricardo Ramírez (ID 153)
(43, 151), -- Proyecto 43 asignado a José Fernández (ID 151)
(44, 152), -- Proyecto 44 asignado a Laura García (ID 152)
(45, 153), -- Proyecto 45 asignado a Ricardo Ramírez (ID 153)
(46, 151), -- Proyecto 46 asignado a José Fernández (ID 151)
(47, 152), -- Proyecto 47 asignado a Laura García (ID 152)
(48, 153), -- Proyecto 48 asignado a Ricardo Ramírez (ID 153)
(49, 151), -- Proyecto 49 asignado a José Fernández (ID 151)
(50, 152); -- Proyecto 50 asignado a Laura García (ID 152)

-- datos para los proyectos con las especies 
INSERT INTO proyecto_especie_investigador (proyecto_id, investigador_id, especies_id) VALUES
(1, 151, 1),  -- Proyecto 1, Investigador José Fernández (ID 151), Especie 1
(2, 152, 2),  -- Proyecto 2, Investigador Laura García (ID 152), Especie 2
(3, 153, 3),  -- Proyecto 3, Investigador Ricardo Ramírez (ID 153), Especie 3
(4, 151, 4),  -- Proyecto 4, Investigador José Fernández (ID 151), Especie 4
(5, 152, 5),  -- Proyecto 5, Investigador Laura García (ID 152), Especie 5
(6, 153, 6),  -- Proyecto 6, Investigador Ricardo Ramírez (ID 153), Especie 6
(7, 151, 7),  -- Proyecto 7, Investigador José Fernández (ID 151), Especie 7
(8, 152, 8),  -- Proyecto 8, Investigador Laura García (ID 152), Especie 8
(9, 153, 9),  -- Proyecto 9, Investigador Ricardo Ramírez (ID 153), Especie 9
(10, 151, 10), -- Proyecto 10, Investigador José Fernández (ID 151), Especie 10
(11, 152, 11), -- Proyecto 11, Investigador Laura García (ID 152), Especie 11
(12, 153, 12), -- Proyecto 12, Investigador Ricardo Ramírez (ID 153), Especie 12
(13, 151, 13), -- Proyecto 13, Investigador José Fernández (ID 151), Especie 13
(14, 152, 14), -- Proyecto 14, Investigador Laura García (ID 152), Especie 14
(15, 153, 15), -- Proyecto 15, Investigador Ricardo Ramírez (ID 153), Especie 15
(16, 151, 16), -- Proyecto 16, Investigador José Fernández (ID 151), Especie 16
(17, 152, 17), -- Proyecto 17, Investigador Laura García (ID 152), Especie 17
(18, 153, 18), -- Proyecto 18, Investigador Ricardo Ramírez (ID 153), Especie 18
(19, 151, 19), -- Proyecto 19, Investigador José Fernández (ID 151), Especie 19
(20, 152, 20), -- Proyecto 20, Investigador Laura García (ID 152), Especie 20
(21, 153, 21), -- Proyecto 21, Investigador Ricardo Ramírez (ID 153), Especie 21
(22, 151, 22), -- Proyecto 22, Investigador José Fernández (ID 151), Especie 22
(23, 152, 23), -- Proyecto 23, Investigador Laura García (ID 152), Especie 23
(24, 153, 24), -- Proyecto 24, Investigador Ricardo Ramírez (ID 153), Especie 24
(25, 151, 25), -- Proyecto 25, Investigador José Fernández (ID 151), Especie 25
(26, 152, 26), -- Proyecto 26, Investigador Laura García (ID 152), Especie 26
(27, 153, 27), -- Proyecto 27, Investigador Ricardo Ramírez (ID 153), Especie 27
(28, 151, 28), -- Proyecto 28, Investigador José Fernández (ID 151), Especie 28
(29, 152, 29), -- Proyecto 29, Investigador Laura García (ID 152), Especie 29
(30, 153, 30), -- Proyecto 30, Investigador Ricardo Ramírez (ID 153), Especie 30
(31, 151, 31), -- Proyecto 31, Investigador José Fernández (ID 151), Especie 31
(32, 152, 32), -- Proyecto 32, Investigador Laura García (ID 152), Especie 32
(33, 153, 33), -- Proyecto 33, Investigador Ricardo Ramírez (ID 153), Especie 33
(34, 151, 34), -- Proyecto 34, Investigador José Fernández (ID 151), Especie 34
(35, 152, 35), -- Proyecto 35, Investigador Laura García (ID 152), Especie 35
(36, 153, 36), -- Proyecto 36, Investigador Ricardo Ramírez (ID 153), Especie 36
(37, 151, 37), -- Proyecto 37, Investigador José Fernández (ID 151), Especie 37
(38, 152, 38), -- Proyecto 38, Investigador Laura García (ID 152), Especie 38
(39, 153, 39), -- Proyecto 39, Investigador Ricardo Ramírez (ID 153), Especie 39
(40, 151, 40), -- Proyecto 40, Investigador José Fernández (ID 151), Especie 40
(41, 152, 41), -- Proyecto 41, Investigador Laura García (ID 152), Especie 41
(42, 153, 42), -- Proyecto 42, Investigador Ricardo Ramírez (ID 153), Especie 42
(43, 151, 43), -- Proyecto 43, Investigador José Fernández (ID 151), Especie 43
(44, 152, 44), -- Proyecto 44, Investigador Laura García (ID 152), Especie 44
(45, 153, 45), -- Proyecto 45, Investigador Ricardo Ramírez (ID 153), Especie 45
(46, 151, 46), -- Proyecto 46, Investigador José Fernández (ID 151), Especie 46
(47, 152, 47), -- Proyecto 47, Investigador Laura García (ID 152), Especie 47
(48, 153, 48), -- Proyecto 48, Investigador Ricardo Ramírez (ID 153), Especie 48
(49, 151, 49), -- Proyecto 49, Investigador José Fernández (ID 151), Especie 49
(50, 152, 50); -- Proyecto 50, Investigador Laura García (ID 152), Especie 50

-- vigilantes 
INSERT INTO area_vigilante (vigilante_id, area_id, vehiculo_id) VALUES
(51, 1, 1),  -- Vigilante 51, Área 1, Vehículo 1
(52, 2, 2),  -- Vigilante 52, Área 2, Vehículo 2
(53, 3, 3),  -- Vigilante 53, Área 3, Vehículo 3
(54, 4, 4),  -- Vigilante 54, Área 4, Vehículo 4
(55, 5, 5),  -- Vigilante 55, Área 5, Vehículo 5
(56, 6, 6),  -- Vigilante 56, Área 6, Vehículo 6
(57, 7, 7),  -- Vigilante 57, Área 7, Vehículo 7
(58, 8, 8),  -- Vigilante 58, Área 8, Vehículo 8
(59, 9, 9),  -- Vigilante 59, Área 9, Vehículo 9
(60, 10, 10), -- Vigilante 60, Área 10, Vehículo 10
(61, 11, 11), -- Vigilante 61, Área 11, Vehículo 11
(62, 12, 12), -- Vigilante 62, Área 12, Vehículo 12
(63, 13, 13), -- Vigilante 63, Área 13, Vehículo 13
(64, 14, 14), -- Vigilante 64, Área 14, Vehículo 14
(65, 15, 15), -- Vigilante 65, Área 15, Vehículo 15
(66, 16, 16), -- Vigilante 66, Área 16, Vehículo 16
(67, 17, 17), -- Vigilante 67, Área 17, Vehículo 17
(68, 18, 18), -- Vigilante 68, Área 18, Vehículo 18
(69, 19, 19), -- Vigilante 69, Área 19, Vehículo 19
(70, 20, 20); -- Vigilante 70, Área 20, Vehículo 20


-- datos conservacion aseo 
INSERT INTO puesto_conservacion_area (conservasion_id, area_id) VALUES
(101, 1),  -- Conservador 101, Área 1
(102, 2),  -- Conservador 102, Área 2
(103, 3),  -- Conservador 103, Área 3
(104, 4),  -- Conservador 104, Área 4
(105, 5),  -- Conservador 105, Área 5
(106, 6),  -- Conservador 106, Área 6
(107, 7),  -- Conservador 107, Área 7
(108, 8),  -- Conservador 108, Área 8
(109, 9),  -- Conservador 109, Área 9
(110, 10), -- Conservador 110, Área 10
(111, 11), -- Conservador 111, Área 11
(112, 12), -- Conservador 112, Área 12
(113, 13), -- Conservador 113, Área 13
(114, 14), -- Conservador 114, Área 14
(115, 15), -- Conservador 115, Área 15
(116, 16), -- Conservador 116, Área 16
(117, 17), -- Conservador 117, Área 17
(118, 18), -- Conservador 118, Área 18
(119, 19), -- Conservador 119, Área 19
(120, 20), -- Conservador 120, Área 20
(121, 21), -- Conservador 121, Área 21
(122, 22), -- Conservador 122, Área 22
(123, 23), -- Conservador 123, Área 23
(124, 24), -- Conservador 124, Área 24
(125, 25), -- Conservador 125, Área 25
(126, 26), -- Conservador 126, Área 26
(127, 27), -- Conservador 127, Área 27
(128, 28), -- Conservador 128, Área 28
(129, 29), -- Conservador 129, Área 29
(130, 30), -- Conservador 130, Área 30
(131, 31), -- Conservador 131, Área 31
(132, 32), -- Conservador 132, Área 32
(133, 33), -- Conservador 133, Área 33
(134, 34), -- Conservador 134, Área 34
(135, 35), -- Conservador 135, Área 35
(136, 36), -- Conservador 136, Área 36
(137, 37), -- Conservador 137, Área 37
(138, 38), -- Conservador 138, Área 38
(139, 39), -- Conservador 139, Área 39
(140, 40), -- Conservador 140, Área 40
(141, 41), -- Conservador 141, Área 41
(142, 42), -- Conservador 142, Área 42
(143, 43), -- Conservador 143, Área 43
(144, 44), -- Conservador 144, Área 44
(145, 45), -- Conservador 145, Área 45
(146, 46), -- Conservador 146, Área 46
(147, 47), -- Conservador 147, Área 47
(148, 48), -- Conservador 148, Área 48
(149, 49), -- Conservador 149, Área 49
(150, 50); -- Conservador 150, Área 50

-- datos de las estadias 
INSERT INTO turno_entrada (empleado_id, entrada_id, fecha_entrada, fecha_salida) VALUES 
(1, 1, '2023-01-01 08:00:00', '2023-01-01 16:00:00'),
(2, 1, '2023-01-02 08:00:00', '2023-01-02 16:00:00'),
(3, 1, '2023-01-03 08:00:00', '2023-01-03 16:00:00'),
(4, 1, '2023-01-04 08:00:00', '2023-01-04 16:00:00'),
(5, 1, '2023-01-05 08:00:00', '2023-01-05 16:00:00'),
(6, 1, '2023-01-06 08:00:00', '2023-01-06 16:00:00'),
(7, 1, '2023-01-07 08:00:00', '2023-01-07 16:00:00'),
(8, 1, '2023-01-08 08:00:00', '2023-01-08 16:00:00'),
(9, 1, '2023-01-09 08:00:00', '2023-01-09 16:00:00'),
(10, 1, '2023-01-10 08:00:00', '2023-01-10 16:00:00'),
(11, 1, '2023-01-11 08:00:00', '2023-01-11 16:00:00'),
(12, 1, '2023-01-12 08:00:00', '2023-01-12 16:00:00'),
(13, 1, '2023-01-13 08:00:00', '2023-01-13 16:00:00'),
(14, 1, '2023-01-14 08:00:00', '2023-01-14 16:00:00'),
(15, 1, '2023-01-15 08:00:00', '2023-01-15 16:00:00'),
(16, 1, '2023-01-16 08:00:00', '2023-01-16 16:00:00'),
(17, 1, '2023-01-17 08:00:00', '2023-01-17 16:00:00'),
(18, 1, '2023-01-18 08:00:00', '2023-01-18 16:00:00'),
(19, 1, '2023-01-19 08:00:00', '2023-01-19 16:00:00'),
(20, 1, '2023-01-20 08:00:00', '2023-01-20 16:00:00'),
(21, 1, '2023-01-21 08:00:00', '2023-01-21 16:00:00'),
(22, 1, '2023-01-22 08:00:00', '2023-01-22 16:00:00'),
(23, 1, '2023-01-23 08:00:00', '2023-01-23 16:00:00'),
(24, 1, '2023-01-24 08:00:00', '2023-01-24 16:00:00'),
(25, 1, '2023-01-25 08:00:00', '2023-01-25 16:00:00'),
(26, 1, '2023-01-26 08:00:00', '2023-01-26 16:00:00'),
(27, 1, '2023-01-27 08:00:00', '2023-01-27 16:00:00'),
(28, 1, '2023-01-28 08:00:00', '2023-01-28 16:00:00'),
(29, 1, '2023-01-29 08:00:00', '2023-01-29 16:00:00'),
(30, 1, '2023-01-30 08:00:00', '2023-01-30 16:00:00'),
(31, 1, '2023-01-31 08:00:00', '2023-01-31 16:00:00'),
(32, 1, '2023-02-01 08:00:00', '2023-02-01 16:00:00'),
(33, 1, '2023-02-02 08:00:00', '2023-02-02 16:00:00'),
(34, 1, '2023-02-03 08:00:00', '2023-02-03 16:00:00'),
(35, 1, '2023-02-04 08:00:00', '2023-02-04 16:00:00'),
(36, 1, '2023-02-05 08:00:00', '2023-02-05 16:00:00'),
(37, 1, '2023-02-06 08:00:00', '2023-02-06 16:00:00'),
(38, 1, '2023-02-07 08:00:00', '2023-02-07 16:00:00'),
(39, 1, '2023-02-08 08:00:00', '2023-02-08 16:00:00'),
(40, 1, '2023-02-09 08:00:00', '2023-02-09 16:00:00'),
(41, 1, '2023-02-10 08:00:00', '2023-02-10 16:00:00'),
(42, 1, '2023-02-11 08:00:00', '2023-02-11 16:00:00'),
(43, 1, '2023-02-12 08:00:00', '2023-02-12 16:00:00'),
(44, 1, '2023-02-13 08:00:00', '2023-02-13 16:00:00'),
(45, 1, '2023-02-14 08:00:00', '2023-02-14 16:00:00'),
(46, 1, '2023-02-15 08:00:00', '2023-02-15 16:00:00'),
(47, 1, '2023-02-16 08:00:00', '2023-02-16 16:00:00'),
(48, 1, '2023-02-17 08:00:00', '2023-02-17 16:00:00'),
(49, 1, '2023-02-18 08:00:00', '2023-02-18 16:00:00'),
(50, 1, '2023-02-19 08:00:00', '2023-02-19 16:00:00');


-- estadia usuario
INSERT INTO estadia_usuario (empleado_id, entrada_id, fecha_ingreso, fecha_salida) VALUES 
(1, 1, '2023-01-01 08:00:00', '2023-01-01 16:00:00'),
(2, 1, '2023-01-02 08:00:00', '2023-01-02 16:00:00'),
(3, 1, '2023-01-03 08:00:00', '2023-01-03 16:00:00'),
(4, 1, '2023-01-04 08:00:00', '2023-01-04 16:00:00'),
(5, 1, '2023-01-05 08:00:00', '2023-01-05 16:00:00'),
(6, 1, '2023-01-06 08:00:00', '2023-01-06 16:00:00'),
(7, 1, '2023-01-07 08:00:00', '2023-01-07 16:00:00'),
(8, 1, '2023-01-08 08:00:00', '2023-01-08 16:00:00'),
(9, 1, '2023-01-09 08:00:00', '2023-01-09 16:00:00'),
(10, 1, '2023-01-10 08:00:00', '2023-01-10 16:00:00'),
(11, 1, '2023-01-11 08:00:00', '2023-01-11 16:00:00'),
(12, 1, '2023-01-12 08:00:00', '2023-01-12 16:00:00'),
(13, 1, '2023-01-13 08:00:00', '2023-01-13 16:00:00'),
(14, 1, '2023-01-14 08:00:00', '2023-01-14 16:00:00'),
(15, 1, '2023-01-15 08:00:00', '2023-01-15 16:00:00'),
(16, 1, '2023-01-16 08:00:00', '2023-01-16 16:00:00'),
(17, 1, '2023-01-17 08:00:00', '2023-01-17 16:00:00'),
(18, 1, '2023-01-18 08:00:00', '2023-01-18 16:00:00'),
(19, 1, '2023-01-19 08:00:00', '2023-01-19 16:00:00'),
(20, 1, '2023-01-20 08:00:00', '2023-01-20 16:00:00'),
(21, 1, '2023-01-21 08:00:00', '2023-01-21 16:00:00'),
(22, 1, '2023-01-22 08:00:00', '2023-01-22 16:00:00'),
(23, 1, '2023-01-23 08:00:00', '2023-01-23 16:00:00'),
(24, 1, '2023-01-24 08:00:00', '2023-01-24 16:00:00'),
(25, 1, '2023-01-25 08:00:00', '2023-01-25 16:00:00'),
(26, 1, '2023-01-26 08:00:00', '2023-01-26 16:00:00'),
(27, 1, '2023-01-27 08:00:00', '2023-01-27 16:00:00'),
(28, 1, '2023-01-28 08:00:00', '2023-01-28 16:00:00'),
(29, 1, '2023-01-29 08:00:00', '2023-01-29 16:00:00'),
(30, 1, '2023-01-30 08:00:00', '2023-01-30 16:00:00'),
(31, 1, '2023-01-31 08:00:00', '2023-01-31 16:00:00'),
(32, 1, '2023-02-01 08:00:00', '2023-02-01 16:00:00'),
(33, 1, '2023-02-02 08:00:00', '2023-02-02 16:00:00'),
(34, 1, '2023-02-03 08:00:00', '2023-02-03 16:00:00'),
(35, 1, '2023-02-04 08:00:00', '2023-02-04 16:00:00'),
(36, 1, '2023-02-05 08:00:00', '2023-02-05 16:00:00'),
(37, 1, '2023-02-06 08:00:00', '2023-02-06 16:00:00'),
(38, 1, '2023-02-07 08:00:00', '2023-02-07 16:00:00'),
(39, 1, '2023-02-08 08:00:00', '2023-02-08 16:00:00'),
(40, 1, '2023-02-09 08:00:00', '2023-02-09 16:00:00'),
(41, 1, '2023-02-10 08:00:00', '2023-02-10 16:00:00'),
(42, 1, '2023-02-11 08:00:00', '2023-02-11 16:00:00'),
(43, 1, '2023-02-12 08:00:00', '2023-02-12 16:00:00'),
(44, 1, '2023-02-13 08:00:00', '2023-02-13 16:00:00'),
(45, 1, '2023-02-14 08:00:00', '2023-02-14 16:00:00'),
(46, 1, '2023-02-15 08:00:00', '2023-02-15 16:00:00'),
(47, 1, '2023-02-16 08:00:00', '2023-02-16 16:00:00'),
(48, 1, '2023-02-17 08:00:00', '2023-02-17 16:00:00'),
(49, 1, '2023-02-18 08:00:00', '2023-02-18 16:00:00'),
(50, 1, '2023-02-19 08:00:00', '2023-02-19 16:00:00');


-- datos usuarios hospedados
INSERT INTO usuario_hostal (estadia_hostal_id, visita, usuario_id) VALUES
(1, '2023-01-01 08:30:00', 76),
(1, '2023-01-01 10:00:00', 80),
(1, '2023-01-01 11:30:00', 1),
(1, '2023-01-02 08:30:00', 77),
(1, '2023-01-02 10:00:00', 81),
(1, '2023-01-02 11:30:00', 2),
(1, '2023-01-03 08:30:00', 78),
(1, '2023-01-03 10:00:00', 82),
(1, '2023-01-03 11:30:00', 3),
(1, '2023-01-04 08:30:00', 79),
(1, '2023-01-04 10:00:00', 83),
(1, '2023-01-04 11:30:00', 4),
(1, '2023-01-05 08:30:00', 84),
(1, '2023-01-05 10:00:00', 85),
(1, '2023-01-05 11:30:00', 5),
(1, '2023-01-06 08:30:00', 86),
(1, '2023-01-06 10:00:00', 87),
(1, '2023-01-06 11:30:00', 6),
(1, '2023-01-07 08:30:00', 88),
(1, '2023-01-07 10:00:00', 89),
(1, '2023-01-07 11:30:00', 7),
(1, '2023-01-08 08:30:00', 90),
(1, '2023-01-08 10:00:00', 91),
(1, '2023-01-08 11:30:00', 8),
(1, '2023-01-09 08:30:00', 92),
(1, '2023-01-09 10:00:00', 93),
(1, '2023-01-09 11:30:00', 9),
(1, '2023-01-10 08:30:00', 94),
(1, '2023-01-10 10:00:00', 95),
(1, '2023-01-10 11:30:00', 10),
(1, '2023-01-11 08:30:00', 96),
(1, '2023-01-11 10:00:00', 97),
(1, '2023-01-11 11:30:00', 11),
(1, '2023-01-12 08:30:00', 98),
(1, '2023-01-12 10:00:00', 99),
(1, '2023-01-12 11:30:00', 12),
(1, '2023-01-13 08:30:00', 100),
(1, '2023-01-13 10:00:00', 101),
(1, '2023-01-13 11:30:00', 13),
(1, '2023-01-14 08:30:00', 102),
(1, '2023-01-14 10:00:00', 103),
(1, '2023-01-14 11:30:00', 14),
(1, '2023-01-15 08:30:00', 104),
(1, '2023-01-15 10:00:00', 105),
(1, '2023-01-15 11:30:00', 15),
(1, '2023-01-16 08:30:00', 106),
(1, '2023-01-16 10:00:00', 107),
(1, '2023-01-16 11:30:00', 16),
(1, '2023-01-17 08:30:00', 108),
(1, '2023-01-17 10:00:00', 109),
(1, '2023-01-17 11:30:00', 17),
(1, '2023-01-18 08:30:00', 110),
(1, '2023-01-18 10:00:00', 111),
(1, '2023-01-18 11:30:00', 18);


-- datos de las entidades y los departamentos
INSERT INTO entidad_departamento (departamento_id, entidad_id) VALUES
(1, 3),
(1, 12),
(1, 32),
(1, 42),
(2, 5),
(2, 7),
(2, 8),
(2, 15),
(3, 6),
(3, 9),
(3, 20),
(3, 25),
(4, 10),
(4, 11),
(4, 14),
(4, 18),
(5, 17),
(5, 19),
(5, 23),
(5, 28),
(6, 13),
(6, 16),
(6, 24),
(6, 27),
(7, 21),
(7, 22),
(7, 29),
(7, 35),
(8, 30),
(8, 34),
(8, 36),
(8, 40),
(9, 31),
(9, 33),
(9, 37),
(9, 41),
(10, 4),
(10, 38),
(10, 43),
(10, 44),
(11, 39),
(11, 45),
(11, 46),
(11, 47),
(12, 48),
(12, 49),
(12, 50),
(12, 51),
(13, 52),
(13, 53),
(13, 54),
(13, 55);
